{"cameraMode":{"drawMode":0,"name":"Shaded","section":"Shading Mode"},"sceneLighting":true,"audioPlay":false,"sceneViewState":{"showFog":true,"showMaterialUpdate":false,"showSkybox":true,"showFlares":true,"showImageEffects":true,"showParticleSystems":true},"in2DMode":false,"pivot":{"x":-5.4723896980285648,"y":2.816897392272949,"z":5.25452184677124},"rotation":{"x":-0.018375875428318979,"y":-0.33390623331069949,"z":-0.006522462237626314,"w":0.9424437880516052},"size":10.270610809326172,"orthographic":false}