{"cameraMode":{"drawMode":0,"name":"Shaded","section":"Shading Mode"},"sceneLighting":true,"audioPlay":false,"sceneViewState":{"showFog":true,"showMaterialUpdate":false,"showSkybox":true,"showFlares":true,"showImageEffects":true,"showParticleSystems":true},"in2DMode":false,"pivot":{"x":6.396213054656982,"y":5.1433186531066898,"z":5.696071147918701},"rotation":{"x":-0.20294168591499329,"y":-0.11514750868082047,"z":0.0240377988666296,"w":-0.9721013307571411},"size":0.18758171796798707,"orthographic":false}